{
	"UTMZone": 32,
	"ZoneLetter": "U",
	"PolygonStart": "<gml:posList srsDimension=\"3\">",
	"PolygonEnd": "</gml:posList>",
	"BuildingStart": "<bldg:Building gml:id=",
	"BuildingEnd": "/bldg:Building>",
	"Elements": [
		{
			"ELEMENT": "WALL",
			"ELEMENTSTART": "<bldg:WallSurface gml:id=",
			"ELEMENTEND": "</bldg:WallSurface>"
		},
		{
			"ELEMENT": "ROOF",
			"ELEMENTSTART": "<bldg:RoofSurface gml:id=",
			"ELEMENTEND": "</bldg:RoofSurface>"
		},
		{
			"ELEMENT": "GROUND",
			"ELEMENTSTART": "<bldg:GroundSurface gml:id=",
			"ELEMENTEND": "</bldg:GroundSurface>"
		}
	]
}